--
-- PostgreSQL database dump
--

-- Dumped from database version 14.12 (Ubuntu 14.12-0ubuntu0.22.04.1)
-- Dumped by pg_dump version 14.12 (Ubuntu 14.12-0ubuntu0.22.04.1)

SET statement_timeout = 0;
SET lock_timeout = 0;
SET idle_in_transaction_session_timeout = 0;
SET client_encoding = 'UTF8';
SET standard_conforming_strings = on;
SELECT pg_catalog.set_config('search_path', '', false);
SET check_function_bodies = false;
SET xmloption = content;
SET client_min_messages = warning;
SET row_security = off;

SET default_tablespace = '';

SET default_table_access_method = heap;

--
-- Name: auth_group; Type: TABLE; Schema: public; Owner: carserviceuser
--

CREATE TABLE public.auth_group (
    id integer NOT NULL,
    name character varying(150) NOT NULL
);


ALTER TABLE public.auth_group OWNER TO carserviceuser;

--
-- Name: auth_group_id_seq; Type: SEQUENCE; Schema: public; Owner: carserviceuser
--

ALTER TABLE public.auth_group ALTER COLUMN id ADD GENERATED BY DEFAULT AS IDENTITY (
    SEQUENCE NAME public.auth_group_id_seq
    START WITH 1
    INCREMENT BY 1
    NO MINVALUE
    NO MAXVALUE
    CACHE 1
);


--
-- Name: auth_group_permissions; Type: TABLE; Schema: public; Owner: carserviceuser
--

CREATE TABLE public.auth_group_permissions (
    id bigint NOT NULL,
    group_id integer NOT NULL,
    permission_id integer NOT NULL
);


ALTER TABLE public.auth_group_permissions OWNER TO carserviceuser;

--
-- Name: auth_group_permissions_id_seq; Type: SEQUENCE; Schema: public; Owner: carserviceuser
--

ALTER TABLE public.auth_group_permissions ALTER COLUMN id ADD GENERATED BY DEFAULT AS IDENTITY (
    SEQUENCE NAME public.auth_group_permissions_id_seq
    START WITH 1
    INCREMENT BY 1
    NO MINVALUE
    NO MAXVALUE
    CACHE 1
);


--
-- Name: auth_permission; Type: TABLE; Schema: public; Owner: carserviceuser
--

CREATE TABLE public.auth_permission (
    id integer NOT NULL,
    name character varying(255) NOT NULL,
    content_type_id integer NOT NULL,
    codename character varying(100) NOT NULL
);


ALTER TABLE public.auth_permission OWNER TO carserviceuser;

--
-- Name: auth_permission_id_seq; Type: SEQUENCE; Schema: public; Owner: carserviceuser
--

ALTER TABLE public.auth_permission ALTER COLUMN id ADD GENERATED BY DEFAULT AS IDENTITY (
    SEQUENCE NAME public.auth_permission_id_seq
    START WITH 1
    INCREMENT BY 1
    NO MINVALUE
    NO MAXVALUE
    CACHE 1
);


--
-- Name: auth_user; Type: TABLE; Schema: public; Owner: carserviceuser
--

CREATE TABLE public.auth_user (
    id integer NOT NULL,
    password character varying(128) NOT NULL,
    last_login timestamp with time zone,
    is_superuser boolean NOT NULL,
    username character varying(150) NOT NULL,
    first_name character varying(150) NOT NULL,
    last_name character varying(150) NOT NULL,
    email character varying(254) NOT NULL,
    is_staff boolean NOT NULL,
    is_active boolean NOT NULL,
    date_joined timestamp with time zone NOT NULL
);


ALTER TABLE public.auth_user OWNER TO carserviceuser;

--
-- Name: auth_user_groups; Type: TABLE; Schema: public; Owner: carserviceuser
--

CREATE TABLE public.auth_user_groups (
    id bigint NOT NULL,
    user_id integer NOT NULL,
    group_id integer NOT NULL
);


ALTER TABLE public.auth_user_groups OWNER TO carserviceuser;

--
-- Name: auth_user_groups_id_seq; Type: SEQUENCE; Schema: public; Owner: carserviceuser
--

ALTER TABLE public.auth_user_groups ALTER COLUMN id ADD GENERATED BY DEFAULT AS IDENTITY (
    SEQUENCE NAME public.auth_user_groups_id_seq
    START WITH 1
    INCREMENT BY 1
    NO MINVALUE
    NO MAXVALUE
    CACHE 1
);


--
-- Name: auth_user_id_seq; Type: SEQUENCE; Schema: public; Owner: carserviceuser
--

ALTER TABLE public.auth_user ALTER COLUMN id ADD GENERATED BY DEFAULT AS IDENTITY (
    SEQUENCE NAME public.auth_user_id_seq
    START WITH 1
    INCREMENT BY 1
    NO MINVALUE
    NO MAXVALUE
    CACHE 1
);


--
-- Name: auth_user_user_permissions; Type: TABLE; Schema: public; Owner: carserviceuser
--

CREATE TABLE public.auth_user_user_permissions (
    id bigint NOT NULL,
    user_id integer NOT NULL,
    permission_id integer NOT NULL
);


ALTER TABLE public.auth_user_user_permissions OWNER TO carserviceuser;

--
-- Name: auth_user_user_permissions_id_seq; Type: SEQUENCE; Schema: public; Owner: carserviceuser
--

ALTER TABLE public.auth_user_user_permissions ALTER COLUMN id ADD GENERATED BY DEFAULT AS IDENTITY (
    SEQUENCE NAME public.auth_user_user_permissions_id_seq
    START WITH 1
    INCREMENT BY 1
    NO MINVALUE
    NO MAXVALUE
    CACHE 1
);


--
-- Name: dashboard_battery; Type: TABLE; Schema: public; Owner: carserviceuser
--

CREATE TABLE public.dashboard_battery (
    id bigint NOT NULL,
    name character varying(100),
    size smallint,
    amount numeric(10,2),
    warrenty date,
    description text,
    date date NOT NULL,
    user_id integer,
    company_id bigint NOT NULL,
    customer_id bigint,
    CONSTRAINT dashboard_battery_size_check CHECK ((size >= 0))
);


ALTER TABLE public.dashboard_battery OWNER TO carserviceuser;

--
-- Name: dashboard_battery_id_seq; Type: SEQUENCE; Schema: public; Owner: carserviceuser
--

ALTER TABLE public.dashboard_battery ALTER COLUMN id ADD GENERATED BY DEFAULT AS IDENTITY (
    SEQUENCE NAME public.dashboard_battery_id_seq
    START WITH 1
    INCREMENT BY 1
    NO MINVALUE
    NO MAXVALUE
    CACHE 1
);


--
-- Name: dashboard_company; Type: TABLE; Schema: public; Owner: carserviceuser
--

CREATE TABLE public.dashboard_company (
    id bigint NOT NULL,
    name character varying(200),
    phone character varying(15),
    address text,
    description text,
    logo character varying(100),
    admin_id integer
);


ALTER TABLE public.dashboard_company OWNER TO carserviceuser;

--
-- Name: dashboard_company_id_seq; Type: SEQUENCE; Schema: public; Owner: carserviceuser
--

ALTER TABLE public.dashboard_company ALTER COLUMN id ADD GENERATED BY DEFAULT AS IDENTITY (
    SEQUENCE NAME public.dashboard_company_id_seq
    START WITH 1
    INCREMENT BY 1
    NO MINVALUE
    NO MAXVALUE
    CACHE 1
);


--
-- Name: dashboard_customers; Type: TABLE; Schema: public; Owner: carserviceuser
--

CREATE TABLE public.dashboard_customers (
    id bigint NOT NULL,
    name character varying(200),
    phone character varying(15),
    address text,
    description text,
    price numeric(10,2),
    image character varying(100),
    date date,
    company_id bigint,
    user_id integer,
    car_model character varying(100),
    car_plate_number character varying(7),
    car_plate_source character varying(20)
);


ALTER TABLE public.dashboard_customers OWNER TO carserviceuser;

--
-- Name: dashboard_customers_id_seq; Type: SEQUENCE; Schema: public; Owner: carserviceuser
--

ALTER TABLE public.dashboard_customers ALTER COLUMN id ADD GENERATED BY DEFAULT AS IDENTITY (
    SEQUENCE NAME public.dashboard_customers_id_seq
    START WITH 1
    INCREMENT BY 1
    NO MINVALUE
    NO MAXVALUE
    CACHE 1
);


--
-- Name: dashboard_invoice; Type: TABLE; Schema: public; Owner: carserviceuser
--

CREATE TABLE public.dashboard_invoice (
    id bigint NOT NULL,
    name character varying(200),
    invoice_number character varying(200),
    date date NOT NULL,
    image character varying(100),
    price numeric(10,2),
    description text,
    company_id bigint,
    user_id integer,
    supplier_number character varying(200),
    quantity integer,
    supplier_name character varying(200),
    CONSTRAINT dashboard_invoice_quantity_check CHECK ((quantity >= 0))
);


ALTER TABLE public.dashboard_invoice OWNER TO carserviceuser;

--
-- Name: dashboard_invoice_id_seq; Type: SEQUENCE; Schema: public; Owner: carserviceuser
--

ALTER TABLE public.dashboard_invoice ALTER COLUMN id ADD GENERATED BY DEFAULT AS IDENTITY (
    SEQUENCE NAME public.dashboard_invoice_id_seq
    START WITH 1
    INCREMENT BY 1
    NO MINVALUE
    NO MAXVALUE
    CACHE 1
);


--
-- Name: dashboard_oilchange; Type: TABLE; Schema: public; Owner: carserviceuser
--

CREATE TABLE public.dashboard_oilchange (
    id bigint NOT NULL,
    oil character varying(200),
    amount numeric(10,2),
    description text,
    "currentMilage" integer,
    date date NOT NULL,
    company_id bigint NOT NULL,
    customer_id bigint,
    user_id integer
);


ALTER TABLE public.dashboard_oilchange OWNER TO carserviceuser;

--
-- Name: dashboard_oilchange_id_seq; Type: SEQUENCE; Schema: public; Owner: carserviceuser
--

ALTER TABLE public.dashboard_oilchange ALTER COLUMN id ADD GENERATED BY DEFAULT AS IDENTITY (
    SEQUENCE NAME public.dashboard_oilchange_id_seq
    START WITH 1
    INCREMENT BY 1
    NO MINVALUE
    NO MAXVALUE
    CACHE 1
);


--
-- Name: dashboard_otherservice; Type: TABLE; Schema: public; Owner: carserviceuser
--

CREATE TABLE public.dashboard_otherservice (
    id bigint NOT NULL,
    name character varying(150),
    amount numeric(10,2),
    description text,
    date date NOT NULL,
    company_id bigint NOT NULL,
    customer_id bigint,
    user_id integer
);


ALTER TABLE public.dashboard_otherservice OWNER TO carserviceuser;

--
-- Name: dashboard_otherservice_id_seq; Type: SEQUENCE; Schema: public; Owner: carserviceuser
--

ALTER TABLE public.dashboard_otherservice ALTER COLUMN id ADD GENERATED BY DEFAULT AS IDENTITY (
    SEQUENCE NAME public.dashboard_otherservice_id_seq
    START WITH 1
    INCREMENT BY 1
    NO MINVALUE
    NO MAXVALUE
    CACHE 1
);


--
-- Name: dashboard_tint; Type: TABLE; Schema: public; Owner: carserviceuser
--

CREATE TABLE public.dashboard_tint (
    id bigint NOT NULL,
    "tintedWindows" smallint,
    "tintPercentage" smallint,
    "tintType" character varying(1200),
    amount numeric(10,2),
    description text,
    date date NOT NULL,
    company_id bigint NOT NULL,
    customer_id bigint,
    user_id integer,
    CONSTRAINT "dashboard_tint_tintPercentage_check" CHECK (("tintPercentage" >= 0)),
    CONSTRAINT "dashboard_tint_tintedWindows_check" CHECK (("tintedWindows" >= 0))
);


ALTER TABLE public.dashboard_tint OWNER TO carserviceuser;

--
-- Name: dashboard_tint_id_seq; Type: SEQUENCE; Schema: public; Owner: carserviceuser
--

ALTER TABLE public.dashboard_tint ALTER COLUMN id ADD GENERATED BY DEFAULT AS IDENTITY (
    SEQUENCE NAME public.dashboard_tint_id_seq
    START WITH 1
    INCREMENT BY 1
    NO MINVALUE
    NO MAXVALUE
    CACHE 1
);


--
-- Name: dashboard_tyre; Type: TABLE; Schema: public; Owner: carserviceuser
--

CREATE TABLE public.dashboard_tyre (
    id bigint NOT NULL,
    "tyreType" character varying(10),
    "tyreNumber" character varying(20),
    quantity character varying(20),
    amount numeric(10,2),
    description text,
    date date NOT NULL,
    company_id bigint NOT NULL,
    customer_id bigint,
    user_id integer
);


ALTER TABLE public.dashboard_tyre OWNER TO carserviceuser;

--
-- Name: dashboard_tyre_id_seq; Type: SEQUENCE; Schema: public; Owner: carserviceuser
--

ALTER TABLE public.dashboard_tyre ALTER COLUMN id ADD GENERATED BY DEFAULT AS IDENTITY (
    SEQUENCE NAME public.dashboard_tyre_id_seq
    START WITH 1
    INCREMENT BY 1
    NO MINVALUE
    NO MAXVALUE
    CACHE 1
);


--
-- Name: dashboard_user_profile; Type: TABLE; Schema: public; Owner: carserviceuser
--

CREATE TABLE public.dashboard_user_profile (
    id bigint NOT NULL,
    profile character varying(100),
    company_id bigint NOT NULL,
    user_id integer NOT NULL
);


ALTER TABLE public.dashboard_user_profile OWNER TO carserviceuser;

--
-- Name: dashboard_user_profile_id_seq; Type: SEQUENCE; Schema: public; Owner: carserviceuser
--

ALTER TABLE public.dashboard_user_profile ALTER COLUMN id ADD GENERATED BY DEFAULT AS IDENTITY (
    SEQUENCE NAME public.dashboard_user_profile_id_seq
    START WITH 1
    INCREMENT BY 1
    NO MINVALUE
    NO MAXVALUE
    CACHE 1
);


--
-- Name: django_admin_log; Type: TABLE; Schema: public; Owner: carserviceuser
--

CREATE TABLE public.django_admin_log (
    id integer NOT NULL,
    action_time timestamp with time zone NOT NULL,
    object_id text,
    object_repr character varying(200) NOT NULL,
    action_flag smallint NOT NULL,
    change_message text NOT NULL,
    content_type_id integer,
    user_id integer NOT NULL,
    CONSTRAINT django_admin_log_action_flag_check CHECK ((action_flag >= 0))
);


ALTER TABLE public.django_admin_log OWNER TO carserviceuser;

--
-- Name: django_admin_log_id_seq; Type: SEQUENCE; Schema: public; Owner: carserviceuser
--

ALTER TABLE public.django_admin_log ALTER COLUMN id ADD GENERATED BY DEFAULT AS IDENTITY (
    SEQUENCE NAME public.django_admin_log_id_seq
    START WITH 1
    INCREMENT BY 1
    NO MINVALUE
    NO MAXVALUE
    CACHE 1
);


--
-- Name: django_content_type; Type: TABLE; Schema: public; Owner: carserviceuser
--

CREATE TABLE public.django_content_type (
    id integer NOT NULL,
    app_label character varying(100) NOT NULL,
    model character varying(100) NOT NULL
);


ALTER TABLE public.django_content_type OWNER TO carserviceuser;

--
-- Name: django_content_type_id_seq; Type: SEQUENCE; Schema: public; Owner: carserviceuser
--

ALTER TABLE public.django_content_type ALTER COLUMN id ADD GENERATED BY DEFAULT AS IDENTITY (
    SEQUENCE NAME public.django_content_type_id_seq
    START WITH 1
    INCREMENT BY 1
    NO MINVALUE
    NO MAXVALUE
    CACHE 1
);


--
-- Name: django_migrations; Type: TABLE; Schema: public; Owner: carserviceuser
--

CREATE TABLE public.django_migrations (
    id bigint NOT NULL,
    app character varying(255) NOT NULL,
    name character varying(255) NOT NULL,
    applied timestamp with time zone NOT NULL
);


ALTER TABLE public.django_migrations OWNER TO carserviceuser;

--
-- Name: django_migrations_id_seq; Type: SEQUENCE; Schema: public; Owner: carserviceuser
--

ALTER TABLE public.django_migrations ALTER COLUMN id ADD GENERATED BY DEFAULT AS IDENTITY (
    SEQUENCE NAME public.django_migrations_id_seq
    START WITH 1
    INCREMENT BY 1
    NO MINVALUE
    NO MAXVALUE
    CACHE 1
);


--
-- Name: django_session; Type: TABLE; Schema: public; Owner: carserviceuser
--

CREATE TABLE public.django_session (
    session_key character varying(40) NOT NULL,
    session_data text NOT NULL,
    expire_date timestamp with time zone NOT NULL
);


ALTER TABLE public.django_session OWNER TO carserviceuser;

--
-- Data for Name: auth_group; Type: TABLE DATA; Schema: public; Owner: carserviceuser
--

COPY public.auth_group (id, name) FROM stdin;
\.


--
-- Data for Name: auth_group_permissions; Type: TABLE DATA; Schema: public; Owner: carserviceuser
--

COPY public.auth_group_permissions (id, group_id, permission_id) FROM stdin;
\.


--
-- Data for Name: auth_permission; Type: TABLE DATA; Schema: public; Owner: carserviceuser
--

COPY public.auth_permission (id, name, content_type_id, codename) FROM stdin;
1	Can add log entry	1	add_logentry
2	Can change log entry	1	change_logentry
3	Can delete log entry	1	delete_logentry
4	Can view log entry	1	view_logentry
5	Can add permission	2	add_permission
6	Can change permission	2	change_permission
7	Can delete permission	2	delete_permission
8	Can view permission	2	view_permission
9	Can add group	3	add_group
10	Can change group	3	change_group
11	Can delete group	3	delete_group
12	Can view group	3	view_group
13	Can add user	4	add_user
14	Can change user	4	change_user
15	Can delete user	4	delete_user
16	Can view user	4	view_user
17	Can add content type	5	add_contenttype
18	Can change content type	5	change_contenttype
19	Can delete content type	5	delete_contenttype
20	Can view content type	5	view_contenttype
21	Can add session	6	add_session
22	Can change session	6	change_session
23	Can delete session	6	delete_session
24	Can view session	6	view_session
25	Can add Company	7	add_company
26	Can change Company	7	change_company
27	Can delete Company	7	delete_company
28	Can view Company	7	view_company
29	Can add Customer	8	add_customers
30	Can change Customer	8	change_customers
31	Can delete Customer	8	delete_customers
32	Can view Customer	8	view_customers
33	Can add Battery	9	add_battery
34	Can change Battery	9	change_battery
35	Can delete Battery	9	delete_battery
36	Can view Battery	9	view_battery
37	Can add Invoice	10	add_invoice
38	Can change Invoice	10	change_invoice
39	Can delete Invoice	10	delete_invoice
40	Can view Invoice	10	view_invoice
41	Can add Oil Change	11	add_oilchange
42	Can change Oil Change	11	change_oilchange
43	Can delete Oil Change	11	delete_oilchange
44	Can view Oil Change	11	view_oilchange
45	Can add Other Service	12	add_otherservice
46	Can change Other Service	12	change_otherservice
47	Can delete Other Service	12	delete_otherservice
48	Can view Other Service	12	view_otherservice
49	Can add Tint	13	add_tint
50	Can change Tint	13	change_tint
51	Can delete Tint	13	delete_tint
52	Can view Tint	13	view_tint
53	Can add Tyre Change	14	add_tyre
54	Can change Tyre Change	14	change_tyre
55	Can delete Tyre Change	14	delete_tyre
56	Can view Tyre Change	14	view_tyre
57	Can add User Profile	15	add_user_profile
58	Can change User Profile	15	change_user_profile
59	Can delete User Profile	15	delete_user_profile
60	Can view User Profile	15	view_user_profile
61	can view statistics	8	view_statistics
\.


--
-- Data for Name: auth_user; Type: TABLE DATA; Schema: public; Owner: carserviceuser
--

COPY public.auth_user (id, password, last_login, is_superuser, username, first_name, last_name, email, is_staff, is_active, date_joined) FROM stdin;
20	pbkdf2_sha256$720000$QqgmqA9LwaywrI2auHAcl9$EftJgy/npl0wAFEIiY96qX91Z+6q7Xv1cfvVbtPmnzU=	\N	f	Mozamel	Mozamel	Niazi	Muzamil@gmail.com	f	t	2024-04-05 19:22:52.867693+00
1	pbkdf2_sha256$720000$AojqDICVK7HIaqOxFxEYgV$Asq5YrAXVJFc57f4QsJFVLpHNPgtc37Tps+USHN5N4w=	2024-05-01 16:06:41.204327+00	t	admin	Zaman	Ehsani	zamanehsani@gmail.com	t	t	2024-03-09 16:04:42+00
2	pbkdf2_sha256$720000$8gej6wHCv27FYx1rvH7E14$QJ74hMXhu2oUKmZCYT9SvNfu0UI8tl+imjYpg2fAAZY=	2024-03-27 23:34:17+00	f	Jawad	Jawad	Ehsani	j.e.uae2011@gmail.com	t	t	2024-03-10 07:38:32+00
19	pbkdf2_sha256$720000$GSKJTMrswfDZLVRq8kDZT8$ZAWgwNGh0WWJqYEX6SXB+1L8xD3M4iHJJsku/YrIpzQ=	\N	f	Admin	Admin 	Admin	J.e.uae@gmail.com	f	t	2024-04-03 10:21:28.076465+00
\.


--
-- Data for Name: auth_user_groups; Type: TABLE DATA; Schema: public; Owner: carserviceuser
--

COPY public.auth_user_groups (id, user_id, group_id) FROM stdin;
\.


--
-- Data for Name: auth_user_user_permissions; Type: TABLE DATA; Schema: public; Owner: carserviceuser
--

COPY public.auth_user_user_permissions (id, user_id, permission_id) FROM stdin;
1	2	26
2	2	28
3	2	29
4	2	30
5	2	31
6	2	32
7	2	33
8	2	34
9	2	35
10	2	36
11	2	37
12	2	38
13	2	39
14	2	40
15	2	41
16	2	42
17	2	43
18	2	44
19	2	45
20	2	46
21	2	47
22	2	48
23	2	49
24	2	50
25	2	51
26	2	52
27	2	53
28	2	54
29	2	55
30	2	56
31	2	57
32	2	58
33	2	59
34	2	60
52	2	1
53	2	21
54	2	4
55	2	5
56	2	61
57	1	1
58	1	2
59	1	3
60	1	4
61	1	5
62	1	6
63	1	7
64	1	8
65	1	9
66	1	10
67	1	11
68	1	12
69	1	13
70	1	14
71	1	15
72	1	16
73	1	17
74	1	18
75	1	19
76	1	20
77	1	21
78	1	22
79	1	23
80	1	24
81	1	25
82	1	26
83	1	27
84	1	28
85	1	29
86	1	30
87	1	31
88	1	32
89	1	33
90	1	34
91	1	35
92	1	36
93	1	37
94	1	38
95	1	39
96	1	40
97	1	41
98	1	42
99	1	43
100	1	44
101	1	45
102	1	46
103	1	47
104	1	48
105	1	49
106	1	50
107	1	51
108	1	52
109	1	53
110	1	54
111	1	55
112	1	56
113	1	57
114	1	58
115	1	59
116	1	60
117	1	61
118	2	2
119	2	3
120	2	6
121	2	7
122	2	8
123	2	9
124	2	10
125	2	11
126	2	12
127	2	13
128	2	14
129	2	15
130	2	16
131	2	17
132	2	18
133	2	19
134	2	20
135	2	22
136	2	23
137	2	24
138	2	25
139	2	27
143	19	31
144	19	32
145	19	30
146	19	61
147	19	37
148	19	40
149	19	38
150	19	39
151	19	29
152	20	29
153	20	37
154	20	32
158	20	39
160	20	40
\.


--
-- Data for Name: dashboard_battery; Type: TABLE DATA; Schema: public; Owner: carserviceuser
--

COPY public.dashboard_battery (id, name, size, amount, warrenty, description, date, user_id, company_id, customer_id) FROM stdin;
1	Bangle 	50	10.00	2024-03-10	\N	2024-03-10	2	1	\N
\.


--
-- Data for Name: dashboard_company; Type: TABLE DATA; Schema: public; Owner: carserviceuser
--

COPY public.dashboard_company (id, name, phone, address, description, logo, admin_id) FROM stdin;
1	Free Style Auto Accessories	0527391790	Bangali Mraeket Old Salamath 1	Update the address!	1/03042024.jpeg	2
\.


--
-- Data for Name: dashboard_customers; Type: TABLE DATA; Schema: public; Owner: carserviceuser
--

COPY public.dashboard_customers (id, name, phone, address, description, price, image, date, company_id, user_id, car_model, car_plate_number, car_plate_source) FROM stdin;
21	Salam	0563122500	سلیمات - Al Ain - United Arab Emirates	کنجوس	15.00	Free Style Auto Accessories/customers/25032024-Salam.jpg	2024-03-26	1	2	Mercedes	1540676	Abu Dhabi
19	Homa	0566652534	Dhdhxb - Al Ain - United Arab Emirates	\N	120.00		2024-03-26	1	2	Kia	Y21320	Abu Dhabi
22	جابر	0588629209	سلامات  - Al Ain - United Arab Emirates	گپ سی نه میزد	30.00	Free Style Auto Accessories/customers/26032024-جابر.jpg	2024-03-26	1	\N	Mercedes2015	J 11664	Dubai
23	خليفه شمسی 	0565521213	سلیمات - Al Ain - United Arab Emirates	آدم خوب نیست	50.00	Free Style Auto Accessories/customers/26032024-خليفه_شمسی_.jpg	2024-03-26	1	\N	کرول 2024	415230	Abu Dhabi
24	عادل سودانی 	0504934447	سلیمات  - Al Ain - United Arab Emirates	سودانی محترم 	140.00	Free Style Auto Accessories/customers/26032024-عادل_سودانی_.jpg	2024-03-27	1	\N	2011فنیتی	1084950	Abu Dhabi
25	موسی 	0543464666	سلیمات  - Al Ain - United Arab Emirates	محترم	90.00	Free Style/customers/27032024-موسی_.jpg	2024-03-27	1	\N	2016مستر بیشی	1728259	Abu Dhabi
26	محمد	0501376681	سلیمات - Al Ain - United Arab Emirates	کنجوس	10.00	Free Style Auto Accessories/customers/28032024-محمد.jpg	2024-03-29	1	\N	مارسو	1630824	Abu Dhabi
27	نوردین ملواری	0503917801	سلیمات  - Al Ain - United Arab Emirates	محترم	85.00	Free Style Auto Accessories/customers/28032024-نوردین_ملواری.jpg	2024-03-29	1	\N	اوندا انکوت2006	5036112	Abu Dhabi
28	کمال	0528625263	سلیمات  - Al Ain - United Arab Emirates	\N	160.00	Free Style Auto Accessories/customers/29032024-کمال.jpg	2024-03-29	1	\N	2003نیسن ساری	1281685	Abu Dhabi
11	Jawad	0553326204	سلیمات - Al Ain - United Arab Emirates	\N	210.00	Free Style Auto Accessories/customers/14032024-Jawad.jpg	2024-03-14	1	\N	Kia 2015	B34605	Dubai
13	خالد	0562288816	\N	محترم خالد	30.00		2024-03-21	1	\N	مرسيدس2012	10485	Abu Dhabi
14	عبيد منصوري	0555372200	\N	بسر خود سال	50.00	Free Style Auto Accessories/customers/21032024-عبيد_منصوري.jpg	2024-03-21	1	\N	2002 Toyota 	9/49131	Abu Dhabi
15	عبيد منصوري	0555372200	\N	بسر خود سال	50.00	Free Style Auto Accessories/customers/21032024-عبيد_منصوري.jpg	2024-03-21	1	\N	2002 Toyota 	9/49131	Abu Dhabi
16	\N	\N	\N	\N	5.00		2024-03-22	1	\N	Toyota 	9/77080	Abu Dhabi
17	محمد فاروق	0588929260	\N	\N	50.00		2024-03-22	1	\N	2002 Toyota	51440	Abu Dhabi
18	جواد	0553326204	\N	\N	180.00	Free Style Auto Accessories/customers/24032024-جواد.jpg	2024-03-25	1	\N	Kia 2015	B34605	Dubai
20	احمد	0501020666	Solamt  - Al Ain - United Arab Emirates	Good person 	120.00		2024-03-26	1	\N	2006 laxus	1247057	Abu Dhabi
29	\N	\N	سلیمات  - Al Ain - United Arab Emirates	\N	125.00	Free Style Auto Accessories/customers/30032024-None.jpg	2024-03-30	1	\N	2005کمری	1785543	Abu Dhabi
30	خالد ابراهیم 	0507933395	سلیمات  - Al Ain - United Arab Emirates	محترم	25.00	Free Style Auto Accessories/customers/30032024-خالد_ابراهیم_.jpg	2024-03-30	1	\N	2017تندرا	93043	Abu Dhabi
31	حامد	0508106727	سلیمات جدید - Al Ain - United Arab Emirates	محترم	300.00	Free Style Auto Accessories/customers/30032024-حامد.jpg	2024-03-31	1	\N	2016کمری	1681794	Abu Dhabi
48	مروحین	0566580203	سلامات  - Al Ain - United Arab Emirates	محترم	155.00	Free Style Auto Accessories/customers/05042024-مروحین.jpg	2024-04-05	1	2	پرادا 2014	1432314	Abu Dhabi
49	غلام 	0508300317	مزرعه سلامات - Al Ain - United Arab Emirates	پلوچی محترم	120.00	Free Style Auto Accessories/customers/05042024-غلام_.jpg	2024-04-05	1	2	Toyota, hi lux 2009	798417	Abu Dhabi
50	محمد	0507132232	سلامان - Al Ain - United Arab Emirates	\N	80.00		2024-04-05	1	2	Lexus 2002	1183987	Abu Dhabi
51	جواد	0553326204	\N	\N	10.00		2024-04-05	1	20	Kia 	B3405	Dubai
52	مراد جان	0569617147	مقام - Al Ain - United Arab Emirates	\N	160.00	Free Style Auto Accessories/customers/06042024-مراد_جان.jpg	2024-04-06	1	20	مستاباشی2015	K14221	Dubai
53	جواد	0553326204	اليحر شمالي - Al Ain - United Arab Emirates	محترم	120.00	Free Style Auto Accessories/customers/07042024-جواد.jpg	2024-04-07	1	20	Kia 	B34605	Dubai
54	صالح البركي	0581030715	سلیمات  - Al Ain - United Arab Emirates	آدم خوب	45.00	Free Style Auto Accessories/customers/08042024-صالح_البركي.jpg	2024-04-08	1	20	نعسان 2016	495087	Abu Dhabi
55	سیف	0526114437	سلیمات  - Al Ain - United Arab Emirates	محترم 	130.00	Free Style Auto Accessories/customers/08042024-سیف.jpg	2024-04-08	1	20	1098نیسان	1319886	Abu Dhabi
56	یوسف	0559993876	سلیمات  - Al Ain - United Arab Emirates	محترم	50.00	Free Style Auto Accessories/customers/08042024-یوسف.jpg	2024-04-09	1	20	2002لکسس	1283942	Abu Dhabi
57	رشیدبلوج	0506475534	الیحرشمالی - Al Ain - United Arab Emirates	محترم	90.00	Free Style Auto Accessories/customers/14042024-رشیدبلوج.jpg	2024-04-14	1	20	2007یارس	1593873	Abu Dhabi
58	امام مسجد	0561361798	سلیمات  - Al Ain - United Arab Emirates	\N	40.00		2024-04-14	1	20	2008 کرولا	1671883	Abu Dhabi
59	ظافر	0506097988	سلیمات  - Al Ain - United Arab Emirates	رشخندی	110.00	Free Style Auto Accessories/customers/17042024-ظافر.jpg	2024-04-17	1	20	جم سي1998	1669735	Abu Dhabi
60	عيش اول	0544772215	سلیمات  - Al Ain - United Arab Emirates	\N	80.00	Free Style Auto Accessories/customers/17042024-عيش_اول.jpg	2024-04-17	1	20	 2015کیا 	1928544	Abu Dhabi
61	Mr Marzouq	0509836368	\N	\N	70.00		2024-04-17	1	20	Nissan patrol 2029	97336	Abu Dhabi
62	نادر	0586844070	سلیمات  - Al Ain - United Arab Emirates	محترم	170.00	Free Style Auto Accessories/customers/18042024-نادر.jpg	2024-04-18	1	20	2012کمری	 U38934	Dubai
63	مسعود ناصر 	0555168000	سلیمات  - Al Ain - United Arab Emirates	محترم	165.00	Free Style Auto Accessories/customers/19042024-مسعود_ناصر_.jpg	2024-04-19	1	20	نایسان 2020	6_20601	Abu Dhabi
64	عبدالله 	0561412122	سلیمات - Al Ain - United Arab Emirates	محترم	40.00	Free Style Auto Accessories/customers/26042024-عبدالله_.jpg	2024-04-26	1	20	نیسان پطرول	917190	Abu Dhabi
65	محمد	0568224206	سلیمات - Al Ain - United Arab Emirates	\N	20.00		2024-04-26	1	20	لکسس 2023	622190	Abu Dhabi
66	احمد	0527022008	سلیمات - Al Ain - United Arab Emirates	محترم	40.00	Free Style Auto Accessories/customers/26042024-احمد.jpg	2024-04-26	1	20	دوج جلنجر	1928663	Abu Dhabi
67	احمد	0501020666	سلیمات  - Al Ain - United Arab Emirates	محترم	170.00	Free Style Auto Accessories/customers/27042024-احمد.jpg	2024-04-27	1	20	نیسان 2017	44670	Abu Dhabi
68	علی	0563122500	سلیمات  - Al Ain - United Arab Emirates	\N	25.00		2024-04-27	1	20	لندکروز 	816345	Abu Dhabi
69	سیعد	0561615155	سلیمات  - Al Ain - United Arab Emirates	محترم	40.00	Free Style Auto Accessories/customers/28042024-سیعد.jpg	2024-04-28	1	20	تسا2020	99641	Abu Dhabi
70	احمد ساد	0544024303	سلیمات - Al Ain - United Arab Emirates	محترم	30.00	Free Style Auto Accessories/customers/28042024-احمد_ساد.jpg	2024-04-28	1	20	لندکروز 2007	921306	Abu Dhabi
71	سالم	0563122500	سلیمات - Al Ain - United Arab Emirates	محترم	20.00	Free Style Auto Accessories/customers/28042024-سالم.jpg	2024-04-28	1	20	اپلون 2010	1239340	Abu Dhabi
72	راشد 	0543300500	سلیمات  - Al Ain - United Arab Emirates	محترم	170.00	Free Style Auto Accessories/customers/28042024-راشد_.jpg	2024-04-28	1	20	نیسان2005	1494076	Abu Dhabi
73	امان اثتاد	0555744235	سلیمات - Al Ain - United Arab Emirates	محترم	200.00	Free Style Auto Accessories/customers/29042024-امان_اثتاد.jpg	2024-04-29	1	20	هنوندا 2016	572042	Abu Dhabi
74	ناصر	0561110900	سلیمات  - Al Ain - United Arab Emirates	آدم اوقی 	65.00	Free Style Auto Accessories/customers/29042024-ناصر.jpg	2024-04-29	1	20	لندکروزر2024	J59204	Dubai
75	أسد وطندار	0556798645	سليمات - Al Ain - United Arab Emirates	كنجوس اسد	180.00	Free Style Auto Accessories/customers/01052024-أسد_وطندار.jpg	2024-05-01	1	20	GAC2024	AA73282	Dubai
76	جمعه	0553777064	\N	Good presan 	180.00	Free Style Auto Accessories/customers/01052024-جمعه.jpg	2024-05-01	1	20	مرسيدس2010	5062187	Abu Dhabi
77	جمعه	0553777064	داخل سلامات - Al Ain - United Arab Emirates	Good person	240.00	Free Style Auto Accessories/customers/01052024-جمعه.jpg	2024-05-01	1	1	Mercedes 2010	5062187	Abu Dhabi
78	بندی‌ خان	0559261446	سلیمات - Al Ain - United Arab Emirates	کنجوس 	75.00	Free Style Auto Accessories/customers/07052024-بندی_خان.jpg	2024-05-07	1	20	نایسان 2008	1260383	Abu Dhabi
79	Mohammad	0553326204	\N	\N	200.00	Free Style Auto Accessories/customers/10052024-Mohammad.jpg	2024-05-10	1	1	Total 	1242046	Abu Dhabi
80	راضي	0557661719	سليمات  - Al Ain - United Arab Emirates	كمه خوب	62.00	Free Style Auto Accessories/customers/11052024-راضي.jpg	2024-05-11	1	20	ماسكا 2024	621740	Abu Dhabi
81	Jawad	0553326204	\N	\N	150.00		2024-05-18	1	20	Kia 2015	B34605	Dubai
\.


--
-- Data for Name: dashboard_invoice; Type: TABLE DATA; Schema: public; Owner: carserviceuser
--

COPY public.dashboard_invoice (id, name, invoice_number, date, image, price, description, company_id, user_id, supplier_number, quantity, supplier_name) FROM stdin;
10	Tyer	12345	2024-03-17	Free Style Auto Accessories/16032024-Tyer.jpg	20.00	\N	1	2	05632407548	5	Ja
9	\N	19446	2024-03-14	Free Style Auto Accessories/14032024-None.jpg	617.00	\N	1	\N	0559783859	12	سیتی ماکس لتجارة زینة السیارات
15	زنتی	50402024	2024-04-05	Free Style Auto Accessories/05042024-زنتی.jpg	500.00	\N	1	2	0559783860	29	\N
17	مخفي 	\N	2024-04-23	Free Style Auto Accessories/23042024-مخفي_.jpg	500.00	پول رسید	1	20	0588087262	3	نادرالاامیری لتجارة زينة السيارات ش.ذ.م.م.
18	سمينت	\N	2024-04-23	Free Style Auto Accessories/23042024-سمينت.jpg	14.00	پول رسید	1	20	0544811679	1	الفايده لمواد البناء
19	قیف برای مبلین:گیلاس	90309292	2024-04-23	Free Style Auto Accessories/23042024-قیف_برای_مبلینگیلاس.jpg	6.00	پول رسید	1	20	037333080	2	التمیزهایبر مارکیت
20	وایپر آفتاب گیرلاسگه اسپری تایر اسپری ریموت چسب	\N	2024-04-26	Free Style Auto Accessories/26042024-وایپر_آفتاب_گیرلاسگه_اسپری_تایر_اسپری_ریموت_چسب.jpg	280.00	رسید پولش	1	20	0558825513	11	ستی مکس عبدرحمان
21	وایپر آفتاب گیر مخفي سوفي 	100207656800003	2024-05-06		260.00	\N	1	20	0555719758	260	خطام لزينة سيارة 
\.


--
-- Data for Name: dashboard_oilchange; Type: TABLE DATA; Schema: public; Owner: carserviceuser
--

COPY public.dashboard_oilchange (id, oil, amount, description, "currentMilage", date, company_id, customer_id, user_id) FROM stdin;
1	5000	10.00	\N	500000	2024-03-10	1	\N	2
2	10000	180.00	\N	125000	2024-03-25	1	18	\N
3	5000	120.00	\N	105317	2024-03-26	1	20	\N
4	5000	90.00	\N	260460	2024-03-27	1	25	\N
5	5000	70.00	\N	837123	2024-03-29	1	28	\N
6	10000	110.00	\N	7246	2024-03-30	1	29	\N
7	5000	90.00	\N	\N	2024-04-06	1	52	20
8	5000	120.00	\N	117421	2024-04-07	1	53	20
9	5000	90.00	\N	\N	2024-04-14	1	57	20
10	5000	80.00	\N	201939	2024-04-17	1	60	20
11	10000	170.00	\N	139234	2024-04-27	1	67	20
12	5000	230.00	\N	278526	2024-05-01	1	77	1
13	5000	75.00	\N	412563	2024-05-07	1	78	20
14	10000	200.00	\N	1200000	2024-05-10	1	79	1
\.


--
-- Data for Name: dashboard_otherservice; Type: TABLE DATA; Schema: public; Owner: carserviceuser
--

COPY public.dashboard_otherservice (id, name, amount, description, date, company_id, customer_id, user_id) FROM stdin;
2	شمسی	20.00	\N	2024-03-10	1	\N	2
3	شمسی	10.00	\N	2024-03-10	1	\N	2
11	12	12.00	\N	2024-03-16	1	\N	2
5	12	12.00	\N	2024-03-10	1	\N	2
6	12	121.00	\N	2024-03-10	1	\N	2
7	Oil	10.00	\N	2024-03-10	1	\N	2
4	شمسی	20.00	\N	2024-03-10	1	\N	2
13	Test	120.00	\N	2024-03-26	1	19	2
8	&	100.00	\N	2024-03-10	1	\N	2
9	G	100.00	\N	2024-03-10	1	\N	2
14	پالیش	15.00	\N	2024-03-26	1	21	2
10	پینچری	10.00	\N	2024-03-14	1	11	\N
12	بينجري	5.00	\N	2024-03-22	1	16	\N
15	پالش	15.00	\N	2024-03-26	1	23	\N
16	پینچری 	10.00	\N	2024-03-29	1	26	\N
17	وایپر	15.00	\N	2024-03-30	1	29	\N
18	پالش یک دروهزه	25.00	\N	2024-03-30	1	30	\N
19	وابر	15.00	\N	2024-04-05	1	48	2
20	نور گیر	20.00	\N	2024-04-05	1	49	2
21	پوش اشتریگ	40.00	\N	2024-04-05	1	50	2
22	افتاب گیر	20.00	\N	2024-04-05	1	50	2
23	وابر	20.00	\N	2024-04-05	1	50	2
24	T	10.00	\N	2024-04-05	1	51	20
25	ویل کاپ	70.00	\N	2024-04-06	1	52	20
26	چنج کردن پمپر حقیب شیشه	40.00	\N	2024-04-14	1	58	20
27	آفتاب گیر	30.00	\N	2024-04-19	1	63	20
28	شاندن گروپ	20.00	\N	2024-04-26	1	65	20
29	نصب کردن استیکر	40.00	\N	2024-04-26	1	66	20
30	آفتاب گیر	25.00	\N	2024-04-27	1	68	20
31	الفی	10.00	\N	2024-05-01	1	77	1
\.


--
-- Data for Name: dashboard_tint; Type: TABLE DATA; Schema: public; Owner: carserviceuser
--

COPY public.dashboard_tint (id, "tintedWindows", "tintPercentage", "tintType", amount, description, date, company_id, customer_id, user_id) FROM stdin;
1	4	60	New	60.00	\N	2024-03-10	1	\N	2
2	4	90	Klicek	10.00	\N	2024-03-10	1	\N	2
3	\N	80	امريك	30.00	\N	2024-03-21	1	13	\N
4	\N	30	أمريكا 	50.00	\N	2024-03-21	1	14	\N
5	\N	30	أمريكا 	50.00	\N	2024-03-21	1	15	\N
6	2	50	 امرىكايي	50.00	\N	2024-03-22	1	17	\N
7	2	70	امریکا	30.00	\N	2024-03-26	1	22	\N
8	\N	60	امرکایی	35.00	\N	2024-03-26	1	23	\N
9	6	40	امریکایی	140.00	\N	2024-03-27	1	24	\N
10	3	50	امریکایی	85.00	\N	2024-03-29	1	27	\N
11	5	40	امریکایی	90.00	\N	2024-03-29	1	28	\N
12	6	50	امریکایی 	300.00	\N	2024-03-31	1	31	\N
13	6	70	American	140.00	\N	2024-04-05	1	48	2
14	6	50	American	100.00	\N	2024-04-05	1	49	2
15	\N	40	امریکایی 	45.00	\N	2024-04-08	1	54	20
16	8	50	امریکایی 	130.00	\N	2024-04-08	1	55	20
17	2	50	 امرىكايي	50.00	\N	2024-04-09	1	56	20
18	4	50	امرىكايي 	110.00	\N	2024-04-17	1	59	20
19	\N	\N	Amercan	70.00	\N	2024-04-17	1	61	20
20	6	50	ألماني 	170.00	\N	2024-04-18	1	62	20
21	6	90	آلمانی 	135.00	\N	2024-04-19	1	63	20
22	\N	\N	المانی 	40.00	\N	2024-04-26	1	64	20
23	\N	\N	المانی	40.00	\N	2024-04-28	1	69	20
24	\N	50	امریکایی 	30.00	\N	2024-04-28	1	70	20
25	\N	50	المانی	20.00	\N	2024-04-28	1	71	20
26	8	70	المانی 	170.00	\N	2024-04-28	1	72	20
27	8	50	امریکایی 	200.00	\N	2024-04-29	1	73	20
28	\N	50	المانی 	65.00	\N	2024-04-29	1	74	20
29	8	60	امرىكايي 	180.00	\N	2024-05-01	1	75	20
30	7	70	مرسيدس	180.00	\N	2024-05-01	1	76	20
31	\N	50	امریکایی	62.00	\N	2024-05-11	1	80	20
32	\N	80	Amercan	150.00	\N	2024-05-18	1	81	20
\.


--
-- Data for Name: dashboard_tyre; Type: TABLE DATA; Schema: public; Owner: carserviceuser
--

COPY public.dashboard_tyre (id, "tyreType", "tyreNumber", quantity, amount, description, date, company_id, customer_id, user_id) FROM stdin;
1	old	265	4	40.00	\N	2024-03-10	1	\N	2
3	old	2024	2	200.00	\N	2024-03-14	1	11	\N
2	old	2024	2	200.00	\N	2024-03-14	1	\N	\N
\.


--
-- Data for Name: dashboard_user_profile; Type: TABLE DATA; Schema: public; Owner: carserviceuser
--

COPY public.dashboard_user_profile (id, profile, company_id, user_id) FROM stdin;
2	1/users/27032024-admin.png	1	1
1	1/users/29032024-Jawad.jpeg	1	2
5	1/users/03042024-Admin.jpeg	1	19
6	1/users/01052024-Mozamel.jpg	1	20
\.


--
-- Data for Name: django_admin_log; Type: TABLE DATA; Schema: public; Owner: carserviceuser
--

COPY public.django_admin_log (id, action_time, object_id, object_repr, action_flag, change_message, content_type_id, user_id) FROM stdin;
1	2024-03-09 19:14:22.320241+00	1	1	1	[{"added": {}}]	7	1
2	2024-03-09 19:14:30.033597+00	1	1	2	[{"changed": {"fields": ["Admin"]}}]	7	1
3	2024-03-10 07:36:38.678475+00	1	1	2	[{"changed": {"fields": ["Name"]}}]	7	1
4	2024-03-10 07:37:13.101171+00	2	jawad	1	[{"added": {}}]	4	1
5	2024-03-10 07:38:34.660093+00	2	jawad	2	[{"changed": {"fields": ["First name", "Last name", "Staff status", "User permissions", "Last login", "Date joined"]}}]	4	1
6	2024-03-10 07:38:56.255815+00	1	jawad	1	[{"added": {}}]	15	1
7	2024-03-10 07:39:07.140012+00	2	admin	1	[{"added": {}}]	15	1
8	2024-03-10 07:39:27.454183+00	3	sharif	1	[{"added": {}}]	4	1
9	2024-03-10 07:41:52.389463+00	3	sharif	2	[{"changed": {"fields": ["First name", "Last name", "Staff status", "User permissions", "Last login", "Date joined"]}}]	4	1
10	2024-03-10 07:42:06.988309+00	3	sharif	1	[{"added": {}}]	15	1
11	2024-03-10 07:45:07.589785+00	2	jawad	2	[{"changed": {"fields": ["User permissions"]}}]	4	1
12	2024-03-10 09:15:05.334911+00	1	1	2	[{"changed": {"fields": ["Admin"]}}]	7	1
13	2024-03-10 11:27:10.011769+00	2	Jawad	2	[{"changed": {"fields": ["Username"]}}]	4	1
14	2024-03-10 11:27:18.703427+00	3	Sharif	2	[{"changed": {"fields": ["Username"]}}]	4	1
15	2024-03-10 16:03:06.284561+00	1	1	2	[{"changed": {"fields": ["Logo"]}}]	7	1
16	2024-03-10 16:39:17.836559+00	3	Shafi	2	[{"changed": {"fields": ["Username"]}}]	4	1
17	2024-03-10 19:32:11.202577+00	61	Dashboard | Customer | can view statistics	1	[{"added": {}}]	2	1
18	2024-03-10 19:33:52.156593+00	2	Jawad	2	[{"changed": {"fields": ["User permissions"]}}]	4	1
19	2024-03-10 19:38:20.482642+00	61	Dashboard | Customer | can view statistics	2	[{"changed": {"fields": ["Codename"]}}]	2	1
20	2024-03-15 22:26:07.72208+00	1	admin	2	[{"changed": {"fields": ["User permissions"]}}]	4	1
21	2024-03-27 23:33:02.956604+00	2	Jawad	2	[{"changed": {"fields": ["password"]}}]	4	1
22	2024-04-02 21:26:45.561061+00	2	Jawad	2	[{"changed": {"fields": ["User permissions"]}}]	4	1
23	2024-04-11 15:30:46.321175+00	20	Muzamil	2	[{"changed": {"fields": ["password"]}}]	4	1
\.


--
-- Data for Name: django_content_type; Type: TABLE DATA; Schema: public; Owner: carserviceuser
--

COPY public.django_content_type (id, app_label, model) FROM stdin;
1	admin	logentry
2	auth	permission
3	auth	group
4	auth	user
5	contenttypes	contenttype
6	sessions	session
7	dashboard	company
8	dashboard	customers
9	dashboard	battery
10	dashboard	invoice
11	dashboard	oilchange
12	dashboard	otherservice
13	dashboard	tint
14	dashboard	tyre
15	dashboard	user_profile
\.


--
-- Data for Name: django_migrations; Type: TABLE DATA; Schema: public; Owner: carserviceuser
--

COPY public.django_migrations (id, app, name, applied) FROM stdin;
1	contenttypes	0001_initial	2024-03-09 16:04:00.820387+00
2	auth	0001_initial	2024-03-09 16:04:00.906736+00
3	admin	0001_initial	2024-03-09 16:04:00.930071+00
4	admin	0002_logentry_remove_auto_add	2024-03-09 16:04:00.93727+00
5	admin	0003_logentry_add_action_flag_choices	2024-03-09 16:04:00.944465+00
6	contenttypes	0002_remove_content_type_name	2024-03-09 16:04:00.958448+00
7	auth	0002_alter_permission_name_max_length	2024-03-09 16:04:00.966129+00
8	auth	0003_alter_user_email_max_length	2024-03-09 16:04:00.973297+00
9	auth	0004_alter_user_username_opts	2024-03-09 16:04:00.979964+00
10	auth	0005_alter_user_last_login_null	2024-03-09 16:04:00.988515+00
11	auth	0006_require_contenttypes_0002	2024-03-09 16:04:00.99025+00
12	auth	0007_alter_validators_add_error_messages	2024-03-09 16:04:00.996895+00
13	auth	0008_alter_user_username_max_length	2024-03-09 16:04:01.009244+00
14	auth	0009_alter_user_last_name_max_length	2024-03-09 16:04:01.016986+00
15	auth	0010_alter_group_name_max_length	2024-03-09 16:04:01.031272+00
16	auth	0011_update_proxy_permissions	2024-03-09 16:04:01.044843+00
17	auth	0012_alter_user_first_name_max_length	2024-03-09 16:04:01.054332+00
18	dashboard	0001_initial	2024-03-09 16:04:01.285363+00
19	dashboard	0002_company_admin	2024-03-09 16:04:01.307068+00
20	dashboard	0003_invoice_supplier_number	2024-03-09 16:04:01.323608+00
21	dashboard	0004_alter_invoice_company	2024-03-09 16:04:01.345065+00
22	dashboard	0005_invoice_quantity	2024-03-09 16:04:01.360529+00
23	dashboard	0006_customers_car_model_customers_car_plate_number_and_more	2024-03-09 16:04:01.40426+00
24	dashboard	0007_invoice_supplier_name	2024-03-09 16:04:01.419319+00
25	dashboard	0008_alter_invoice_price	2024-03-09 16:04:01.435904+00
26	sessions	0001_initial	2024-03-09 16:04:01.457466+00
\.


--
-- Data for Name: django_session; Type: TABLE DATA; Schema: public; Owner: carserviceuser
--

COPY public.django_session (session_key, session_data, expire_date) FROM stdin;
1nrxddky6nlrnjbtaprtwenczpl6i760	.eJxVjEEOwiAQRe_C2hCgw0BduvcMZIBBqoYmpV0Z765NutDtf-_9lwi0rTVsnZcwZXEWWpx-t0jpwW0H-U7tNss0t3WZotwVedAur3Pm5-Vw_w4q9fqtjS4Oo06KvTKIBcAmUM5lC-QBIibKhEMBRmcjE5ZRFY00sNNj8ka8P9HlN6Y:1rizRT:yQ0gOME0-Ekoo3B_CUSJyJDY0E4JdVC3yE2PdGLGzpw	2024-03-23 16:20:59.445621+00
8lmasl4eqwc689tc547x00u5tvc8wlrz	.eJxVjEEOwiAQRe_C2hCgw0BduvcMZIBBqoYmpV0Z765NutDtf-_9lwi0rTVsnZcwZXEWWpx-t0jpwW0H-U7tNss0t3WZotwVedAur3Pm5-Vw_w4q9fqtjS4Oo06KvTKIBcAmUM5lC-QBIibKhEMBRmcjE5ZRFY00sNNj8ka8P9HlN6Y:1rj0Mm:15Gh5U3Cgf5lp3mdA4tM4mnK7xZgsQnekn-pcj991EM	2024-03-23 17:20:12.207796+00
dqjg4s92vfvgal3msglxozlv3ycslzkv	.eJxVjEEOwiAQRe_C2hCgw0BduvcMZIBBqoYmpV0Z765NutDtf-_9lwi0rTVsnZcwZXEWWpx-t0jpwW0H-U7tNss0t3WZotwVedAur3Pm5-Vw_w4q9fqtjS4Oo06KvTKIBcAmUM5lC-QBIibKhEMBRmcjE5ZRFY00sNNj8ka8P9HlN6Y:1rj3mm:MQ1-b0mZ60M1ViPqcNyHtZ7WuBAdcJpRxwFwyVCyIQ4	2024-03-23 20:59:16.768699+00
ojp1ho656uijci6hplq4a3wi1nu16pef	.eJxVjEEOwiAQRe_C2hCgw0BduvcMZIBBqoYmpV0Z765NutDtf-_9lwi0rTVsnZcwZXEWWpx-t0jpwW0H-U7tNss0t3WZotwVedAur3Pm5-Vw_w4q9fqtjS4Oo06KvTKIBcAmUM5lC-QBIibKhEMBRmcjE5ZRFY00sNNj8ka8P9HlN6Y:1rj4F2:-bsUugPnfkoZlOuLasE1mTtrbrxSELKveZ4rsflg1kY	2024-03-23 21:28:28.659341+00
fd52ttdvhw01dtd0wi6ru38v1gxv2dqd	.eJxVjEEOwiAQRe_C2hCgw0BduvcMZIBBqoYmpV0Z765NutDtf-_9lwi0rTVsnZcwZXEWWpx-t0jpwW0H-U7tNss0t3WZotwVedAur3Pm5-Vw_w4q9fqtjS4Oo06KvTKIBcAmUM5lC-QBIibKhEMBRmcjE5ZRFY00sNNj8ka8P9HlN6Y:1rjJi3:GbKb82CpczCltrt1u3LFZW33jm5_Jr5u_HZXjpdVtvo	2024-03-24 13:59:27.902092+00
fbivfqb3rrfnj5zgddmj6yvu8f20ra2f	.eJxVjDsOwjAQBe_iGlkbf1gvJX3OYPmzwQFkS3FSIe4OkVJA-2bmvYQP21r81nnxcxYXocTpd4shPbjuIN9DvTWZWl2XOcpdkQftcmyZn9fD_TsooZdv7ZSdkgVCCxkpUmYNLhgVDTvWEcFoYh4AyBEDaraOlJm0szgYzGfx_gDD_Tam:1rpcmf:HR7cdjSULJiQLBX4M-_674ho28aPaSdW8vCQy1RtkrM	2024-04-10 23:34:17.217218+00
4ffhq34ejqku9k90pptazf47g263tiif	.eJxVjEEOwiAQRe_C2hCgw0BduvcMZIBBqoYmpV0Z765NutDtf-_9lwi0rTVsnZcwZXEWWpx-t0jpwW0H-U7tNss0t3WZotwVedAur3Pm5-Vw_w4q9fqtjS4Oo06KvTKIBcAmUM5lC-QBIibKhEMBRmcjE5ZRFY00sNNj8ka8P9HlN6Y:1rrGjQ:czcflgEUlFPwX4X_cSeVoJoP3_9AL1S5PcxSjKPXubE	2024-04-15 12:25:44.915034+00
i48se2n1wxbr94csmf1yj65v6lvat8g2	.eJxVjEEOwiAQRe_C2hCgw0BduvcMZIBBqoYmpV0Z765NutDtf-_9lwi0rTVsnZcwZXEWWpx-t0jpwW0H-U7tNss0t3WZotwVedAur3Pm5-Vw_w4q9fqtjS4Oo06KvTKIBcAmUM5lC-QBIibKhEMBRmcjE5ZRFY00sNNj8ka8P9HlN6Y:1ruwNy:cJkQFg6yWrLcW30WDLtDLQBv3O28ma9YoRcKWlTHs6c	2024-04-25 15:30:46.329089+00
n67s80d11f14vy45kryx255x23k6aosr	.eJxVjEEOwiAQRe_C2hCgw0BduvcMZIBBqoYmpV0Z765NutDtf-_9lwi0rTVsnZcwZXEWWpx-t0jpwW0H-U7tNss0t3WZotwVedAur3Pm5-Vw_w4q9fqtjS4Oo06KvTKIBcAmUM5lC-QBIibKhEMBRmcjE5ZRFY00sNNj8ka8P9HlN6Y:1s2CTh:6psrrK9fxDi0rUP9YzFguDOdEi2HD-8Xz-fnCFScgsQ	2024-05-15 16:06:41.20725+00
\.


--
-- Name: auth_group_id_seq; Type: SEQUENCE SET; Schema: public; Owner: carserviceuser
--

SELECT pg_catalog.setval('public.auth_group_id_seq', 1, false);


--
-- Name: auth_group_permissions_id_seq; Type: SEQUENCE SET; Schema: public; Owner: carserviceuser
--

SELECT pg_catalog.setval('public.auth_group_permissions_id_seq', 1, false);


--
-- Name: auth_permission_id_seq; Type: SEQUENCE SET; Schema: public; Owner: carserviceuser
--

SELECT pg_catalog.setval('public.auth_permission_id_seq', 61, true);


--
-- Name: auth_user_groups_id_seq; Type: SEQUENCE SET; Schema: public; Owner: carserviceuser
--

SELECT pg_catalog.setval('public.auth_user_groups_id_seq', 1, false);


--
-- Name: auth_user_id_seq; Type: SEQUENCE SET; Schema: public; Owner: carserviceuser
--

SELECT pg_catalog.setval('public.auth_user_id_seq', 20, true);


--
-- Name: auth_user_user_permissions_id_seq; Type: SEQUENCE SET; Schema: public; Owner: carserviceuser
--

SELECT pg_catalog.setval('public.auth_user_user_permissions_id_seq', 160, true);


--
-- Name: dashboard_battery_id_seq; Type: SEQUENCE SET; Schema: public; Owner: carserviceuser
--

SELECT pg_catalog.setval('public.dashboard_battery_id_seq', 1, true);


--
-- Name: dashboard_company_id_seq; Type: SEQUENCE SET; Schema: public; Owner: carserviceuser
--

SELECT pg_catalog.setval('public.dashboard_company_id_seq', 1, true);


--
-- Name: dashboard_customers_id_seq; Type: SEQUENCE SET; Schema: public; Owner: carserviceuser
--

SELECT pg_catalog.setval('public.dashboard_customers_id_seq', 81, true);


--
-- Name: dashboard_invoice_id_seq; Type: SEQUENCE SET; Schema: public; Owner: carserviceuser
--

SELECT pg_catalog.setval('public.dashboard_invoice_id_seq', 21, true);


--
-- Name: dashboard_oilchange_id_seq; Type: SEQUENCE SET; Schema: public; Owner: carserviceuser
--

SELECT pg_catalog.setval('public.dashboard_oilchange_id_seq', 14, true);


--
-- Name: dashboard_otherservice_id_seq; Type: SEQUENCE SET; Schema: public; Owner: carserviceuser
--

SELECT pg_catalog.setval('public.dashboard_otherservice_id_seq', 31, true);


--
-- Name: dashboard_tint_id_seq; Type: SEQUENCE SET; Schema: public; Owner: carserviceuser
--

SELECT pg_catalog.setval('public.dashboard_tint_id_seq', 32, true);


--
-- Name: dashboard_tyre_id_seq; Type: SEQUENCE SET; Schema: public; Owner: carserviceuser
--

SELECT pg_catalog.setval('public.dashboard_tyre_id_seq', 3, true);


--
-- Name: dashboard_user_profile_id_seq; Type: SEQUENCE SET; Schema: public; Owner: carserviceuser
--

SELECT pg_catalog.setval('public.dashboard_user_profile_id_seq', 6, true);


--
-- Name: django_admin_log_id_seq; Type: SEQUENCE SET; Schema: public; Owner: carserviceuser
--

SELECT pg_catalog.setval('public.django_admin_log_id_seq', 23, true);


--
-- Name: django_content_type_id_seq; Type: SEQUENCE SET; Schema: public; Owner: carserviceuser
--

SELECT pg_catalog.setval('public.django_content_type_id_seq', 15, true);


--
-- Name: django_migrations_id_seq; Type: SEQUENCE SET; Schema: public; Owner: carserviceuser
--

SELECT pg_catalog.setval('public.django_migrations_id_seq', 26, true);


--
-- Name: auth_group auth_group_name_key; Type: CONSTRAINT; Schema: public; Owner: carserviceuser
--

ALTER TABLE ONLY public.auth_group
    ADD CONSTRAINT auth_group_name_key UNIQUE (name);


--
-- Name: auth_group_permissions auth_group_permissions_group_id_permission_id_0cd325b0_uniq; Type: CONSTRAINT; Schema: public; Owner: carserviceuser
--

ALTER TABLE ONLY public.auth_group_permissions
    ADD CONSTRAINT auth_group_permissions_group_id_permission_id_0cd325b0_uniq UNIQUE (group_id, permission_id);


--
-- Name: auth_group_permissions auth_group_permissions_pkey; Type: CONSTRAINT; Schema: public; Owner: carserviceuser
--

ALTER TABLE ONLY public.auth_group_permissions
    ADD CONSTRAINT auth_group_permissions_pkey PRIMARY KEY (id);


--
-- Name: auth_group auth_group_pkey; Type: CONSTRAINT; Schema: public; Owner: carserviceuser
--

ALTER TABLE ONLY public.auth_group
    ADD CONSTRAINT auth_group_pkey PRIMARY KEY (id);


--
-- Name: auth_permission auth_permission_content_type_id_codename_01ab375a_uniq; Type: CONSTRAINT; Schema: public; Owner: carserviceuser
--

ALTER TABLE ONLY public.auth_permission
    ADD CONSTRAINT auth_permission_content_type_id_codename_01ab375a_uniq UNIQUE (content_type_id, codename);


--
-- Name: auth_permission auth_permission_pkey; Type: CONSTRAINT; Schema: public; Owner: carserviceuser
--

ALTER TABLE ONLY public.auth_permission
    ADD CONSTRAINT auth_permission_pkey PRIMARY KEY (id);


--
-- Name: auth_user_groups auth_user_groups_pkey; Type: CONSTRAINT; Schema: public; Owner: carserviceuser
--

ALTER TABLE ONLY public.auth_user_groups
    ADD CONSTRAINT auth_user_groups_pkey PRIMARY KEY (id);


--
-- Name: auth_user_groups auth_user_groups_user_id_group_id_94350c0c_uniq; Type: CONSTRAINT; Schema: public; Owner: carserviceuser
--

ALTER TABLE ONLY public.auth_user_groups
    ADD CONSTRAINT auth_user_groups_user_id_group_id_94350c0c_uniq UNIQUE (user_id, group_id);


--
-- Name: auth_user auth_user_pkey; Type: CONSTRAINT; Schema: public; Owner: carserviceuser
--

ALTER TABLE ONLY public.auth_user
    ADD CONSTRAINT auth_user_pkey PRIMARY KEY (id);


--
-- Name: auth_user_user_permissions auth_user_user_permissions_pkey; Type: CONSTRAINT; Schema: public; Owner: carserviceuser
--

ALTER TABLE ONLY public.auth_user_user_permissions
    ADD CONSTRAINT auth_user_user_permissions_pkey PRIMARY KEY (id);


--
-- Name: auth_user_user_permissions auth_user_user_permissions_user_id_permission_id_14a6b632_uniq; Type: CONSTRAINT; Schema: public; Owner: carserviceuser
--

ALTER TABLE ONLY public.auth_user_user_permissions
    ADD CONSTRAINT auth_user_user_permissions_user_id_permission_id_14a6b632_uniq UNIQUE (user_id, permission_id);


--
-- Name: auth_user auth_user_username_key; Type: CONSTRAINT; Schema: public; Owner: carserviceuser
--

ALTER TABLE ONLY public.auth_user
    ADD CONSTRAINT auth_user_username_key UNIQUE (username);


--
-- Name: dashboard_battery dashboard_battery_pkey; Type: CONSTRAINT; Schema: public; Owner: carserviceuser
--

ALTER TABLE ONLY public.dashboard_battery
    ADD CONSTRAINT dashboard_battery_pkey PRIMARY KEY (id);


--
-- Name: dashboard_company dashboard_company_pkey; Type: CONSTRAINT; Schema: public; Owner: carserviceuser
--

ALTER TABLE ONLY public.dashboard_company
    ADD CONSTRAINT dashboard_company_pkey PRIMARY KEY (id);


--
-- Name: dashboard_customers dashboard_customers_pkey; Type: CONSTRAINT; Schema: public; Owner: carserviceuser
--

ALTER TABLE ONLY public.dashboard_customers
    ADD CONSTRAINT dashboard_customers_pkey PRIMARY KEY (id);


--
-- Name: dashboard_invoice dashboard_invoice_pkey; Type: CONSTRAINT; Schema: public; Owner: carserviceuser
--

ALTER TABLE ONLY public.dashboard_invoice
    ADD CONSTRAINT dashboard_invoice_pkey PRIMARY KEY (id);


--
-- Name: dashboard_oilchange dashboard_oilchange_pkey; Type: CONSTRAINT; Schema: public; Owner: carserviceuser
--

ALTER TABLE ONLY public.dashboard_oilchange
    ADD CONSTRAINT dashboard_oilchange_pkey PRIMARY KEY (id);


--
-- Name: dashboard_otherservice dashboard_otherservice_pkey; Type: CONSTRAINT; Schema: public; Owner: carserviceuser
--

ALTER TABLE ONLY public.dashboard_otherservice
    ADD CONSTRAINT dashboard_otherservice_pkey PRIMARY KEY (id);


--
-- Name: dashboard_tint dashboard_tint_pkey; Type: CONSTRAINT; Schema: public; Owner: carserviceuser
--

ALTER TABLE ONLY public.dashboard_tint
    ADD CONSTRAINT dashboard_tint_pkey PRIMARY KEY (id);


--
-- Name: dashboard_tyre dashboard_tyre_pkey; Type: CONSTRAINT; Schema: public; Owner: carserviceuser
--

ALTER TABLE ONLY public.dashboard_tyre
    ADD CONSTRAINT dashboard_tyre_pkey PRIMARY KEY (id);


--
-- Name: dashboard_user_profile dashboard_user_profile_pkey; Type: CONSTRAINT; Schema: public; Owner: carserviceuser
--

ALTER TABLE ONLY public.dashboard_user_profile
    ADD CONSTRAINT dashboard_user_profile_pkey PRIMARY KEY (id);


--
-- Name: dashboard_user_profile dashboard_user_profile_user_id_key; Type: CONSTRAINT; Schema: public; Owner: carserviceuser
--

ALTER TABLE ONLY public.dashboard_user_profile
    ADD CONSTRAINT dashboard_user_profile_user_id_key UNIQUE (user_id);


--
-- Name: django_admin_log django_admin_log_pkey; Type: CONSTRAINT; Schema: public; Owner: carserviceuser
--

ALTER TABLE ONLY public.django_admin_log
    ADD CONSTRAINT django_admin_log_pkey PRIMARY KEY (id);


--
-- Name: django_content_type django_content_type_app_label_model_76bd3d3b_uniq; Type: CONSTRAINT; Schema: public; Owner: carserviceuser
--

ALTER TABLE ONLY public.django_content_type
    ADD CONSTRAINT django_content_type_app_label_model_76bd3d3b_uniq UNIQUE (app_label, model);


--
-- Name: django_content_type django_content_type_pkey; Type: CONSTRAINT; Schema: public; Owner: carserviceuser
--

ALTER TABLE ONLY public.django_content_type
    ADD CONSTRAINT django_content_type_pkey PRIMARY KEY (id);


--
-- Name: django_migrations django_migrations_pkey; Type: CONSTRAINT; Schema: public; Owner: carserviceuser
--

ALTER TABLE ONLY public.django_migrations
    ADD CONSTRAINT django_migrations_pkey PRIMARY KEY (id);


--
-- Name: django_session django_session_pkey; Type: CONSTRAINT; Schema: public; Owner: carserviceuser
--

ALTER TABLE ONLY public.django_session
    ADD CONSTRAINT django_session_pkey PRIMARY KEY (session_key);


--
-- Name: auth_group_name_a6ea08ec_like; Type: INDEX; Schema: public; Owner: carserviceuser
--

CREATE INDEX auth_group_name_a6ea08ec_like ON public.auth_group USING btree (name varchar_pattern_ops);


--
-- Name: auth_group_permissions_group_id_b120cbf9; Type: INDEX; Schema: public; Owner: carserviceuser
--

CREATE INDEX auth_group_permissions_group_id_b120cbf9 ON public.auth_group_permissions USING btree (group_id);


--
-- Name: auth_group_permissions_permission_id_84c5c92e; Type: INDEX; Schema: public; Owner: carserviceuser
--

CREATE INDEX auth_group_permissions_permission_id_84c5c92e ON public.auth_group_permissions USING btree (permission_id);


--
-- Name: auth_permission_content_type_id_2f476e4b; Type: INDEX; Schema: public; Owner: carserviceuser
--

CREATE INDEX auth_permission_content_type_id_2f476e4b ON public.auth_permission USING btree (content_type_id);


--
-- Name: auth_user_groups_group_id_97559544; Type: INDEX; Schema: public; Owner: carserviceuser
--

CREATE INDEX auth_user_groups_group_id_97559544 ON public.auth_user_groups USING btree (group_id);


--
-- Name: auth_user_groups_user_id_6a12ed8b; Type: INDEX; Schema: public; Owner: carserviceuser
--

CREATE INDEX auth_user_groups_user_id_6a12ed8b ON public.auth_user_groups USING btree (user_id);


--
-- Name: auth_user_user_permissions_permission_id_1fbb5f2c; Type: INDEX; Schema: public; Owner: carserviceuser
--

CREATE INDEX auth_user_user_permissions_permission_id_1fbb5f2c ON public.auth_user_user_permissions USING btree (permission_id);


--
-- Name: auth_user_user_permissions_user_id_a95ead1b; Type: INDEX; Schema: public; Owner: carserviceuser
--

CREATE INDEX auth_user_user_permissions_user_id_a95ead1b ON public.auth_user_user_permissions USING btree (user_id);


--
-- Name: auth_user_username_6821ab7c_like; Type: INDEX; Schema: public; Owner: carserviceuser
--

CREATE INDEX auth_user_username_6821ab7c_like ON public.auth_user USING btree (username varchar_pattern_ops);


--
-- Name: dashboard_battery_company_id_408b7d3c; Type: INDEX; Schema: public; Owner: carserviceuser
--

CREATE INDEX dashboard_battery_company_id_408b7d3c ON public.dashboard_battery USING btree (company_id);


--
-- Name: dashboard_battery_customer_id_24cc48be; Type: INDEX; Schema: public; Owner: carserviceuser
--

CREATE INDEX dashboard_battery_customer_id_24cc48be ON public.dashboard_battery USING btree (customer_id);


--
-- Name: dashboard_battery_user_id_0aaf819c; Type: INDEX; Schema: public; Owner: carserviceuser
--

CREATE INDEX dashboard_battery_user_id_0aaf819c ON public.dashboard_battery USING btree (user_id);


--
-- Name: dashboard_company_admin_id_8b967cbc; Type: INDEX; Schema: public; Owner: carserviceuser
--

CREATE INDEX dashboard_company_admin_id_8b967cbc ON public.dashboard_company USING btree (admin_id);


--
-- Name: dashboard_customers_company_id_4fe5c4d6; Type: INDEX; Schema: public; Owner: carserviceuser
--

CREATE INDEX dashboard_customers_company_id_4fe5c4d6 ON public.dashboard_customers USING btree (company_id);


--
-- Name: dashboard_customers_user_id_7e8133fe; Type: INDEX; Schema: public; Owner: carserviceuser
--

CREATE INDEX dashboard_customers_user_id_7e8133fe ON public.dashboard_customers USING btree (user_id);


--
-- Name: dashboard_invoice_company_id_38016c43; Type: INDEX; Schema: public; Owner: carserviceuser
--

CREATE INDEX dashboard_invoice_company_id_38016c43 ON public.dashboard_invoice USING btree (company_id);


--
-- Name: dashboard_invoice_user_id_5999e454; Type: INDEX; Schema: public; Owner: carserviceuser
--

CREATE INDEX dashboard_invoice_user_id_5999e454 ON public.dashboard_invoice USING btree (user_id);


--
-- Name: dashboard_oilchange_company_id_7fd6d2c2; Type: INDEX; Schema: public; Owner: carserviceuser
--

CREATE INDEX dashboard_oilchange_company_id_7fd6d2c2 ON public.dashboard_oilchange USING btree (company_id);


--
-- Name: dashboard_oilchange_customer_id_82c0f48b; Type: INDEX; Schema: public; Owner: carserviceuser
--

CREATE INDEX dashboard_oilchange_customer_id_82c0f48b ON public.dashboard_oilchange USING btree (customer_id);


--
-- Name: dashboard_oilchange_user_id_0435aad6; Type: INDEX; Schema: public; Owner: carserviceuser
--

CREATE INDEX dashboard_oilchange_user_id_0435aad6 ON public.dashboard_oilchange USING btree (user_id);


--
-- Name: dashboard_otherservice_company_id_abfe7a5d; Type: INDEX; Schema: public; Owner: carserviceuser
--

CREATE INDEX dashboard_otherservice_company_id_abfe7a5d ON public.dashboard_otherservice USING btree (company_id);


--
-- Name: dashboard_otherservice_customer_id_5d37dec0; Type: INDEX; Schema: public; Owner: carserviceuser
--

CREATE INDEX dashboard_otherservice_customer_id_5d37dec0 ON public.dashboard_otherservice USING btree (customer_id);


--
-- Name: dashboard_otherservice_user_id_eebe3399; Type: INDEX; Schema: public; Owner: carserviceuser
--

CREATE INDEX dashboard_otherservice_user_id_eebe3399 ON public.dashboard_otherservice USING btree (user_id);


--
-- Name: dashboard_tint_company_id_7db5dd6e; Type: INDEX; Schema: public; Owner: carserviceuser
--

CREATE INDEX dashboard_tint_company_id_7db5dd6e ON public.dashboard_tint USING btree (company_id);


--
-- Name: dashboard_tint_customer_id_b9ac9545; Type: INDEX; Schema: public; Owner: carserviceuser
--

CREATE INDEX dashboard_tint_customer_id_b9ac9545 ON public.dashboard_tint USING btree (customer_id);


--
-- Name: dashboard_tint_user_id_32d9e012; Type: INDEX; Schema: public; Owner: carserviceuser
--

CREATE INDEX dashboard_tint_user_id_32d9e012 ON public.dashboard_tint USING btree (user_id);


--
-- Name: dashboard_tyre_company_id_f525a228; Type: INDEX; Schema: public; Owner: carserviceuser
--

CREATE INDEX dashboard_tyre_company_id_f525a228 ON public.dashboard_tyre USING btree (company_id);


--
-- Name: dashboard_tyre_customer_id_4175c520; Type: INDEX; Schema: public; Owner: carserviceuser
--

CREATE INDEX dashboard_tyre_customer_id_4175c520 ON public.dashboard_tyre USING btree (customer_id);


--
-- Name: dashboard_tyre_user_id_9294864b; Type: INDEX; Schema: public; Owner: carserviceuser
--

CREATE INDEX dashboard_tyre_user_id_9294864b ON public.dashboard_tyre USING btree (user_id);


--
-- Name: dashboard_user_profile_company_id_b6abfa0a; Type: INDEX; Schema: public; Owner: carserviceuser
--

CREATE INDEX dashboard_user_profile_company_id_b6abfa0a ON public.dashboard_user_profile USING btree (company_id);


--
-- Name: django_admin_log_content_type_id_c4bce8eb; Type: INDEX; Schema: public; Owner: carserviceuser
--

CREATE INDEX django_admin_log_content_type_id_c4bce8eb ON public.django_admin_log USING btree (content_type_id);


--
-- Name: django_admin_log_user_id_c564eba6; Type: INDEX; Schema: public; Owner: carserviceuser
--

CREATE INDEX django_admin_log_user_id_c564eba6 ON public.django_admin_log USING btree (user_id);


--
-- Name: django_session_expire_date_a5c62663; Type: INDEX; Schema: public; Owner: carserviceuser
--

CREATE INDEX django_session_expire_date_a5c62663 ON public.django_session USING btree (expire_date);


--
-- Name: django_session_session_key_c0390e0f_like; Type: INDEX; Schema: public; Owner: carserviceuser
--

CREATE INDEX django_session_session_key_c0390e0f_like ON public.django_session USING btree (session_key varchar_pattern_ops);


--
-- Name: auth_group_permissions auth_group_permissio_permission_id_84c5c92e_fk_auth_perm; Type: FK CONSTRAINT; Schema: public; Owner: carserviceuser
--

ALTER TABLE ONLY public.auth_group_permissions
    ADD CONSTRAINT auth_group_permissio_permission_id_84c5c92e_fk_auth_perm FOREIGN KEY (permission_id) REFERENCES public.auth_permission(id) DEFERRABLE INITIALLY DEFERRED;


--
-- Name: auth_group_permissions auth_group_permissions_group_id_b120cbf9_fk_auth_group_id; Type: FK CONSTRAINT; Schema: public; Owner: carserviceuser
--

ALTER TABLE ONLY public.auth_group_permissions
    ADD CONSTRAINT auth_group_permissions_group_id_b120cbf9_fk_auth_group_id FOREIGN KEY (group_id) REFERENCES public.auth_group(id) DEFERRABLE INITIALLY DEFERRED;


--
-- Name: auth_permission auth_permission_content_type_id_2f476e4b_fk_django_co; Type: FK CONSTRAINT; Schema: public; Owner: carserviceuser
--

ALTER TABLE ONLY public.auth_permission
    ADD CONSTRAINT auth_permission_content_type_id_2f476e4b_fk_django_co FOREIGN KEY (content_type_id) REFERENCES public.django_content_type(id) DEFERRABLE INITIALLY DEFERRED;


--
-- Name: auth_user_groups auth_user_groups_group_id_97559544_fk_auth_group_id; Type: FK CONSTRAINT; Schema: public; Owner: carserviceuser
--

ALTER TABLE ONLY public.auth_user_groups
    ADD CONSTRAINT auth_user_groups_group_id_97559544_fk_auth_group_id FOREIGN KEY (group_id) REFERENCES public.auth_group(id) DEFERRABLE INITIALLY DEFERRED;


--
-- Name: auth_user_groups auth_user_groups_user_id_6a12ed8b_fk_auth_user_id; Type: FK CONSTRAINT; Schema: public; Owner: carserviceuser
--

ALTER TABLE ONLY public.auth_user_groups
    ADD CONSTRAINT auth_user_groups_user_id_6a12ed8b_fk_auth_user_id FOREIGN KEY (user_id) REFERENCES public.auth_user(id) DEFERRABLE INITIALLY DEFERRED;


--
-- Name: auth_user_user_permissions auth_user_user_permi_permission_id_1fbb5f2c_fk_auth_perm; Type: FK CONSTRAINT; Schema: public; Owner: carserviceuser
--

ALTER TABLE ONLY public.auth_user_user_permissions
    ADD CONSTRAINT auth_user_user_permi_permission_id_1fbb5f2c_fk_auth_perm FOREIGN KEY (permission_id) REFERENCES public.auth_permission(id) DEFERRABLE INITIALLY DEFERRED;


--
-- Name: auth_user_user_permissions auth_user_user_permissions_user_id_a95ead1b_fk_auth_user_id; Type: FK CONSTRAINT; Schema: public; Owner: carserviceuser
--

ALTER TABLE ONLY public.auth_user_user_permissions
    ADD CONSTRAINT auth_user_user_permissions_user_id_a95ead1b_fk_auth_user_id FOREIGN KEY (user_id) REFERENCES public.auth_user(id) DEFERRABLE INITIALLY DEFERRED;


--
-- Name: dashboard_battery dashboard_battery_company_id_408b7d3c_fk_dashboard_company_id; Type: FK CONSTRAINT; Schema: public; Owner: carserviceuser
--

ALTER TABLE ONLY public.dashboard_battery
    ADD CONSTRAINT dashboard_battery_company_id_408b7d3c_fk_dashboard_company_id FOREIGN KEY (company_id) REFERENCES public.dashboard_company(id) DEFERRABLE INITIALLY DEFERRED;


--
-- Name: dashboard_battery dashboard_battery_customer_id_24cc48be_fk_dashboard; Type: FK CONSTRAINT; Schema: public; Owner: carserviceuser
--

ALTER TABLE ONLY public.dashboard_battery
    ADD CONSTRAINT dashboard_battery_customer_id_24cc48be_fk_dashboard FOREIGN KEY (customer_id) REFERENCES public.dashboard_customers(id) DEFERRABLE INITIALLY DEFERRED;


--
-- Name: dashboard_battery dashboard_battery_user_id_0aaf819c_fk_auth_user_id; Type: FK CONSTRAINT; Schema: public; Owner: carserviceuser
--

ALTER TABLE ONLY public.dashboard_battery
    ADD CONSTRAINT dashboard_battery_user_id_0aaf819c_fk_auth_user_id FOREIGN KEY (user_id) REFERENCES public.auth_user(id) DEFERRABLE INITIALLY DEFERRED;


--
-- Name: dashboard_company dashboard_company_admin_id_8b967cbc_fk_auth_user_id; Type: FK CONSTRAINT; Schema: public; Owner: carserviceuser
--

ALTER TABLE ONLY public.dashboard_company
    ADD CONSTRAINT dashboard_company_admin_id_8b967cbc_fk_auth_user_id FOREIGN KEY (admin_id) REFERENCES public.auth_user(id) DEFERRABLE INITIALLY DEFERRED;


--
-- Name: dashboard_customers dashboard_customers_company_id_4fe5c4d6_fk_dashboard_company_id; Type: FK CONSTRAINT; Schema: public; Owner: carserviceuser
--

ALTER TABLE ONLY public.dashboard_customers
    ADD CONSTRAINT dashboard_customers_company_id_4fe5c4d6_fk_dashboard_company_id FOREIGN KEY (company_id) REFERENCES public.dashboard_company(id) DEFERRABLE INITIALLY DEFERRED;


--
-- Name: dashboard_customers dashboard_customers_user_id_7e8133fe_fk_auth_user_id; Type: FK CONSTRAINT; Schema: public; Owner: carserviceuser
--

ALTER TABLE ONLY public.dashboard_customers
    ADD CONSTRAINT dashboard_customers_user_id_7e8133fe_fk_auth_user_id FOREIGN KEY (user_id) REFERENCES public.auth_user(id) DEFERRABLE INITIALLY DEFERRED;


--
-- Name: dashboard_invoice dashboard_invoice_company_id_38016c43_fk_dashboard_company_id; Type: FK CONSTRAINT; Schema: public; Owner: carserviceuser
--

ALTER TABLE ONLY public.dashboard_invoice
    ADD CONSTRAINT dashboard_invoice_company_id_38016c43_fk_dashboard_company_id FOREIGN KEY (company_id) REFERENCES public.dashboard_company(id) DEFERRABLE INITIALLY DEFERRED;


--
-- Name: dashboard_invoice dashboard_invoice_user_id_5999e454_fk_auth_user_id; Type: FK CONSTRAINT; Schema: public; Owner: carserviceuser
--

ALTER TABLE ONLY public.dashboard_invoice
    ADD CONSTRAINT dashboard_invoice_user_id_5999e454_fk_auth_user_id FOREIGN KEY (user_id) REFERENCES public.auth_user(id) DEFERRABLE INITIALLY DEFERRED;


--
-- Name: dashboard_oilchange dashboard_oilchange_company_id_7fd6d2c2_fk_dashboard_company_id; Type: FK CONSTRAINT; Schema: public; Owner: carserviceuser
--

ALTER TABLE ONLY public.dashboard_oilchange
    ADD CONSTRAINT dashboard_oilchange_company_id_7fd6d2c2_fk_dashboard_company_id FOREIGN KEY (company_id) REFERENCES public.dashboard_company(id) DEFERRABLE INITIALLY DEFERRED;


--
-- Name: dashboard_oilchange dashboard_oilchange_customer_id_82c0f48b_fk_dashboard; Type: FK CONSTRAINT; Schema: public; Owner: carserviceuser
--

ALTER TABLE ONLY public.dashboard_oilchange
    ADD CONSTRAINT dashboard_oilchange_customer_id_82c0f48b_fk_dashboard FOREIGN KEY (customer_id) REFERENCES public.dashboard_customers(id) DEFERRABLE INITIALLY DEFERRED;


--
-- Name: dashboard_oilchange dashboard_oilchange_user_id_0435aad6_fk_auth_user_id; Type: FK CONSTRAINT; Schema: public; Owner: carserviceuser
--

ALTER TABLE ONLY public.dashboard_oilchange
    ADD CONSTRAINT dashboard_oilchange_user_id_0435aad6_fk_auth_user_id FOREIGN KEY (user_id) REFERENCES public.auth_user(id) DEFERRABLE INITIALLY DEFERRED;


--
-- Name: dashboard_otherservice dashboard_otherservi_company_id_abfe7a5d_fk_dashboard; Type: FK CONSTRAINT; Schema: public; Owner: carserviceuser
--

ALTER TABLE ONLY public.dashboard_otherservice
    ADD CONSTRAINT dashboard_otherservi_company_id_abfe7a5d_fk_dashboard FOREIGN KEY (company_id) REFERENCES public.dashboard_company(id) DEFERRABLE INITIALLY DEFERRED;


--
-- Name: dashboard_otherservice dashboard_otherservi_customer_id_5d37dec0_fk_dashboard; Type: FK CONSTRAINT; Schema: public; Owner: carserviceuser
--

ALTER TABLE ONLY public.dashboard_otherservice
    ADD CONSTRAINT dashboard_otherservi_customer_id_5d37dec0_fk_dashboard FOREIGN KEY (customer_id) REFERENCES public.dashboard_customers(id) DEFERRABLE INITIALLY DEFERRED;


--
-- Name: dashboard_otherservice dashboard_otherservice_user_id_eebe3399_fk_auth_user_id; Type: FK CONSTRAINT; Schema: public; Owner: carserviceuser
--

ALTER TABLE ONLY public.dashboard_otherservice
    ADD CONSTRAINT dashboard_otherservice_user_id_eebe3399_fk_auth_user_id FOREIGN KEY (user_id) REFERENCES public.auth_user(id) DEFERRABLE INITIALLY DEFERRED;


--
-- Name: dashboard_tint dashboard_tint_company_id_7db5dd6e_fk_dashboard_company_id; Type: FK CONSTRAINT; Schema: public; Owner: carserviceuser
--

ALTER TABLE ONLY public.dashboard_tint
    ADD CONSTRAINT dashboard_tint_company_id_7db5dd6e_fk_dashboard_company_id FOREIGN KEY (company_id) REFERENCES public.dashboard_company(id) DEFERRABLE INITIALLY DEFERRED;


--
-- Name: dashboard_tint dashboard_tint_customer_id_b9ac9545_fk_dashboard_customers_id; Type: FK CONSTRAINT; Schema: public; Owner: carserviceuser
--

ALTER TABLE ONLY public.dashboard_tint
    ADD CONSTRAINT dashboard_tint_customer_id_b9ac9545_fk_dashboard_customers_id FOREIGN KEY (customer_id) REFERENCES public.dashboard_customers(id) DEFERRABLE INITIALLY DEFERRED;


--
-- Name: dashboard_tint dashboard_tint_user_id_32d9e012_fk_auth_user_id; Type: FK CONSTRAINT; Schema: public; Owner: carserviceuser
--

ALTER TABLE ONLY public.dashboard_tint
    ADD CONSTRAINT dashboard_tint_user_id_32d9e012_fk_auth_user_id FOREIGN KEY (user_id) REFERENCES public.auth_user(id) DEFERRABLE INITIALLY DEFERRED;


--
-- Name: dashboard_tyre dashboard_tyre_company_id_f525a228_fk_dashboard_company_id; Type: FK CONSTRAINT; Schema: public; Owner: carserviceuser
--

ALTER TABLE ONLY public.dashboard_tyre
    ADD CONSTRAINT dashboard_tyre_company_id_f525a228_fk_dashboard_company_id FOREIGN KEY (company_id) REFERENCES public.dashboard_company(id) DEFERRABLE INITIALLY DEFERRED;


--
-- Name: dashboard_tyre dashboard_tyre_customer_id_4175c520_fk_dashboard_customers_id; Type: FK CONSTRAINT; Schema: public; Owner: carserviceuser
--

ALTER TABLE ONLY public.dashboard_tyre
    ADD CONSTRAINT dashboard_tyre_customer_id_4175c520_fk_dashboard_customers_id FOREIGN KEY (customer_id) REFERENCES public.dashboard_customers(id) DEFERRABLE INITIALLY DEFERRED;


--
-- Name: dashboard_tyre dashboard_tyre_user_id_9294864b_fk_auth_user_id; Type: FK CONSTRAINT; Schema: public; Owner: carserviceuser
--

ALTER TABLE ONLY public.dashboard_tyre
    ADD CONSTRAINT dashboard_tyre_user_id_9294864b_fk_auth_user_id FOREIGN KEY (user_id) REFERENCES public.auth_user(id) DEFERRABLE INITIALLY DEFERRED;


--
-- Name: dashboard_user_profile dashboard_user_profi_company_id_b6abfa0a_fk_dashboard; Type: FK CONSTRAINT; Schema: public; Owner: carserviceuser
--

ALTER TABLE ONLY public.dashboard_user_profile
    ADD CONSTRAINT dashboard_user_profi_company_id_b6abfa0a_fk_dashboard FOREIGN KEY (company_id) REFERENCES public.dashboard_company(id) DEFERRABLE INITIALLY DEFERRED;


--
-- Name: dashboard_user_profile dashboard_user_profile_user_id_4a982ed2_fk_auth_user_id; Type: FK CONSTRAINT; Schema: public; Owner: carserviceuser
--

ALTER TABLE ONLY public.dashboard_user_profile
    ADD CONSTRAINT dashboard_user_profile_user_id_4a982ed2_fk_auth_user_id FOREIGN KEY (user_id) REFERENCES public.auth_user(id) DEFERRABLE INITIALLY DEFERRED;


--
-- Name: django_admin_log django_admin_log_content_type_id_c4bce8eb_fk_django_co; Type: FK CONSTRAINT; Schema: public; Owner: carserviceuser
--

ALTER TABLE ONLY public.django_admin_log
    ADD CONSTRAINT django_admin_log_content_type_id_c4bce8eb_fk_django_co FOREIGN KEY (content_type_id) REFERENCES public.django_content_type(id) DEFERRABLE INITIALLY DEFERRED;


--
-- Name: django_admin_log django_admin_log_user_id_c564eba6_fk_auth_user_id; Type: FK CONSTRAINT; Schema: public; Owner: carserviceuser
--

ALTER TABLE ONLY public.django_admin_log
    ADD CONSTRAINT django_admin_log_user_id_c564eba6_fk_auth_user_id FOREIGN KEY (user_id) REFERENCES public.auth_user(id) DEFERRABLE INITIALLY DEFERRED;


--
-- PostgreSQL database dump complete
--

